{"cameraMode":{"drawMode":0,"name":"Shaded","section":"Shading Mode"},"sceneLighting":true,"audioPlay":false,"sceneViewState":{"showFog":true,"showMaterialUpdate":false,"showSkybox":true,"showFlares":true,"showImageEffects":true,"showParticleSystems":true},"in2DMode":false,"pivot":{"x":6.810546398162842,"y":0.4364147186279297,"z":-3.930912494659424},"rotation":{"x":0.03640977665781975,"y":-0.9105499386787415,"z":0.40369316935539248,"w":0.08215296268463135},"size":3.324744701385498,"orthographic":false}