{"cameraMode":{"drawMode":0,"name":"Shaded","section":"Shading Mode"},"sceneLighting":true,"audioPlay":false,"sceneViewState":{"showFog":true,"showMaterialUpdate":false,"showSkybox":true,"showFlares":true,"showImageEffects":true,"showParticleSystems":true},"in2DMode":false,"pivot":{"x":10.882229804992676,"y":4.941476345062256,"z":-0.10333070158958435},"rotation":{"x":-0.0016343173338100315,"y":-0.9571111798286438,"z":0.2901107668876648,"w":-0.0060999104753136639},"size":1.2247449159622193,"orthographic":false}