{"cameraMode":{"drawMode":0,"name":"Shaded","section":"Shading Mode"},"sceneLighting":true,"audioPlay":false,"sceneViewState":{"showFog":true,"showMaterialUpdate":false,"showSkybox":true,"showFlares":true,"showImageEffects":true,"showParticleSystems":true},"in2DMode":false,"pivot":{"x":11.447216987609864,"y":2.8665266036987306,"z":-0.9935803413391113},"rotation":{"x":-0.05978947877883911,"y":-0.9375821352005005,"z":0.20309573411941529,"w":-0.2762393653392792},"size":2.8997690677642824,"orthographic":false}