{"cameraMode":{"drawMode":0,"name":"Shaded","section":"Shading Mode"},"sceneLighting":true,"audioPlay":false,"sceneViewState":{"showFog":true,"showMaterialUpdate":false,"showSkybox":true,"showFlares":true,"showImageEffects":true,"showParticleSystems":true},"in2DMode":false,"pivot":{"x":10.726896286010743,"y":-2.793619155883789,"z":-10.311762809753418},"rotation":{"x":-0.0013421244220808149,"y":-0.9231999516487122,"z":0.3846871554851532,"w":-0.003445755923166871},"size":10.0,"orthographic":false}