{"cameraMode":{"drawMode":0,"name":"Shaded","section":"Shading Mode"},"sceneLighting":true,"audioPlay":false,"sceneViewState":{"showFog":true,"showMaterialUpdate":false,"showSkybox":true,"showFlares":true,"showImageEffects":true,"showParticleSystems":true},"in2DMode":false,"pivot":{"x":11.48833179473877,"y":1.4368317127227784,"z":-6.841291427612305},"rotation":{"x":-0.015644624829292299,"y":-0.9621392488479614,"z":0.26660996675491335,"w":-0.05706913396716118},"size":3.7522857189178469,"orthographic":false}