{"cameraMode":{"drawMode":0,"name":"Shaded","section":"Shading Mode"},"sceneLighting":true,"audioPlay":false,"sceneViewState":{"showFog":true,"showMaterialUpdate":false,"showSkybox":true,"showFlares":true,"showImageEffects":true,"showParticleSystems":true},"in2DMode":false,"pivot":{"x":4.317209243774414,"y":9.20673656463623,"z":-1.2018061876296998},"rotation":{"x":0.009239782579243184,"y":0.9381973743438721,"z":-0.345462441444397,"w":0.025483068078756334},"size":1.3522868156433106,"orthographic":false}