{"cameraMode":{"drawMode":0,"name":"Shaded","section":"Shading Mode"},"sceneLighting":true,"audioPlay":false,"sceneViewState":{"showFog":true,"showMaterialUpdate":false,"showSkybox":true,"showFlares":true,"showImageEffects":true,"showParticleSystems":true},"in2DMode":false,"pivot":{"x":10.540032386779786,"y":1.102259874343872,"z":-4.870161056518555},"rotation":{"x":0.017850693315267564,"y":-0.9412887692451477,"z":0.33382460474967959,"w":0.05020821467041969},"size":0.2162635773420334,"orthographic":false}