{"cameraMode":{"drawMode":0,"name":"Shaded","section":"Shading Mode"},"sceneLighting":true,"audioPlay":false,"sceneViewState":{"showFog":true,"showMaterialUpdate":false,"showSkybox":true,"showFlares":true,"showImageEffects":true,"showParticleSystems":true},"in2DMode":false,"pivot":{"x":-9.655324935913086,"y":-8.317298889160157,"z":-21.49704360961914},"rotation":{"x":0.07539377361536026,"y":-0.9039827585220337,"z":0.17883823812007905,"w":0.38110479712486269},"size":12.410399436950684,"orthographic":false}