{"cameraMode":{"drawMode":0,"name":"Shaded","section":"Shading Mode"},"sceneLighting":true,"audioPlay":false,"sceneViewState":{"showFog":true,"showMaterialUpdate":false,"showSkybox":true,"showFlares":true,"showImageEffects":true,"showParticleSystems":true},"in2DMode":false,"pivot":{"x":5.46641731262207,"y":2.760085105895996,"z":-2.9705121517181398},"rotation":{"x":-0.1169598400592804,"y":0.8022343516349793,"z":-0.16762758791446687,"w":-0.5612527132034302},"size":7.867568492889404,"orthographic":false}