{"cameraMode":{"drawMode":0,"name":"Shaded","section":"Shading Mode"},"sceneLighting":true,"audioPlay":false,"sceneViewState":{"showFog":true,"showMaterialUpdate":false,"showSkybox":true,"showFlares":true,"showImageEffects":true,"showParticleSystems":true},"in2DMode":false,"pivot":{"x":11.08488655090332,"y":1.0750000476837159,"z":-5.505486488342285},"rotation":{"x":-0.09781245142221451,"y":-0.8774912357330322,"z":0.20251071453094483,"w":-0.4238835275173187},"size":1.3029454946517945,"orthographic":false}