{"cameraMode":{"drawMode":0,"name":"Shaded","section":"Shading Mode"},"sceneLighting":true,"audioPlay":false,"sceneViewState":{"showFog":true,"showMaterialUpdate":false,"showSkybox":true,"showFlares":true,"showImageEffects":true,"showParticleSystems":true},"in2DMode":false,"pivot":{"x":10.534841537475586,"y":3.3740570545196535,"z":-4.0238261222839359},"rotation":{"x":0.02158043161034584,"y":0.9524906873703003,"z":-0.2965181767940521,"w":0.06873349100351334},"size":5.357054710388184,"orthographic":false}