{"cameraMode":{"drawMode":0,"name":"Shaded","section":"Shading Mode"},"sceneLighting":true,"audioPlay":false,"sceneViewState":{"showFog":true,"showMaterialUpdate":false,"showSkybox":true,"showFlares":true,"showImageEffects":true,"showParticleSystems":true},"in2DMode":false,"pivot":{"x":9.082383155822754,"y":2.18184757232666,"z":-2.8777685165405275},"rotation":{"x":-0.04998399317264557,"y":-0.9481417536735535,"z":0.2520284950733185,"w":-0.1879289746284485},"size":1.955606460571289,"orthographic":false}