{"cameraMode":{"drawMode":0,"name":"Shaded","section":"Shading Mode"},"sceneLighting":true,"audioPlay":false,"sceneViewState":{"showFog":true,"showMaterialUpdate":false,"showSkybox":true,"showFlares":true,"showImageEffects":true,"showParticleSystems":true},"in2DMode":false,"pivot":{"x":-49.73165512084961,"y":-22.299678802490236,"z":-5.990548610687256},"rotation":{"x":0.16761262714862824,"y":-0.6591399312019348,"z":0.15431329607963563,"w":0.7169032096862793},"size":48.855342864990237,"orthographic":false}