{"cameraMode":{"drawMode":0,"name":"Shaded","section":"Shading Mode"},"sceneLighting":true,"audioPlay":false,"sceneViewState":{"showFog":true,"showMaterialUpdate":false,"showSkybox":true,"showFlares":true,"showImageEffects":true,"showParticleSystems":true},"in2DMode":false,"pivot":{"x":6.484653949737549,"y":-9.73597526550293,"z":-10.832681655883789},"rotation":{"x":0.015096313320100308,"y":-0.8885130286216736,"z":0.45784661173820498,"w":0.02931273728609085},"size":9.748380661010743,"orthographic":false}