{"cameraMode":{"drawMode":0,"name":"Shaded","section":"Shading Mode"},"sceneLighting":false,"audioPlay":false,"sceneViewState":{"showFog":true,"showMaterialUpdate":false,"showSkybox":false,"showFlares":true,"showImageEffects":true,"showParticleSystems":true},"in2DMode":false,"pivot":{"x":7.966000080108643,"y":0.36250001192092898,"z":-3.5810000896453859},"rotation":{"x":-0.017614193260669709,"y":-0.9782684445381165,"z":0.09454450011253357,"w":-0.18442051112651826},"size":1.013089895248413,"orthographic":false}