{"cameraMode":{"drawMode":0,"name":"Shaded","section":"Shading Mode"},"sceneLighting":true,"audioPlay":false,"sceneViewState":{"showFog":true,"showMaterialUpdate":false,"showSkybox":true,"showFlares":true,"showImageEffects":true,"showParticleSystems":true},"in2DMode":false,"pivot":{"x":11.078743934631348,"y":5.300765037536621,"z":-5.055675029754639},"rotation":{"x":-0.00319277704693377,"y":-0.9430826306343079,"z":0.33287209272384646,"w":-0.009155640378594399},"size":5.471136093139648,"orthographic":false}