{"cameraMode":{"drawMode":0,"name":"Shaded","section":"Shading Mode"},"sceneLighting":false,"audioPlay":false,"sceneViewState":{"showFog":true,"showMaterialUpdate":false,"showSkybox":false,"showFlares":true,"showImageEffects":true,"showParticleSystems":true},"in2DMode":false,"pivot":{"x":0.0,"y":0.0318690687417984,"z":0.10400000214576721},"rotation":{"x":0.09399732202291489,"y":0.7710881233215332,"z":-0.11660336703062058,"w":0.6191540956497192},"size":0.1919604390859604,"orthographic":false}