{"cameraMode":{"drawMode":0,"name":"Shaded","section":"Shading Mode"},"sceneLighting":true,"audioPlay":false,"sceneViewState":{"showFog":true,"showMaterialUpdate":false,"showSkybox":true,"showFlares":true,"showImageEffects":true,"showParticleSystems":true},"in2DMode":false,"pivot":{"x":12.980083465576172,"y":1.0750000476837159,"z":-6.581577301025391},"rotation":{"x":-0.061447009444236758,"y":-0.9385320544242859,"z":0.24497699737548829,"w":-0.2356894314289093},"size":1.2247449159622193,"orthographic":false}