{"cameraMode":{"drawMode":0,"name":"Shaded","section":"Shading Mode"},"sceneLighting":true,"audioPlay":false,"sceneViewState":{"showFog":true,"showMaterialUpdate":false,"showSkybox":true,"showFlares":true,"showImageEffects":true,"showParticleSystems":true},"in2DMode":false,"pivot":{"x":9.038110733032227,"y":1.3365001678466797,"z":-12.337133407592774},"rotation":{"x":-0.006103403400629759,"y":-0.9911983609199524,"z":0.12435656040906906,"w":-0.04828290268778801},"size":10.0,"orthographic":false}